{
    "AWG": {
        "12":
            2.05232,
        "13":
            1.8288,
        "14":
            1.62814,
        "15":
            1.45034,
        "16":
            1.29032,
        "17":
            1.15062,
        "18":
            1.02362,
        "19":
            0.91186,
        "20":
            0.8128,
        "21":
            0.7239,
        "22":
            0.64516,
        "23":
            0.57404,
        "24":
            0.51054,
        "25":
            0.45466,
        "26":
            0.40386,
        "27":
            0.36068,
        "28":
            0.32004
    }
}
